{"cameraMode":{"drawMode":0,"name":"Shaded","section":"Shading Mode"},"sceneLighting":true,"audioPlay":false,"sceneViewState":{"m_AlwaysRefresh":false,"showFog":true,"showSkybox":true,"showFlares":true,"showImageEffects":true,"showParticleSystems":true,"showVisualEffectGraphs":true,"m_FxEnabled":true},"in2DMode":false,"pivot":{"x":765.9027099609375,"y":281.9015808105469,"z":286.7947998046875},"rotation":{"x":-0.2747633159160614,"y":-0.06682798266410828,"z":0.019183484837412835,"w":-0.9590935707092285},"size":16.099580764770509,"orthographic":true}