{"cameraMode":{"drawMode":0,"name":"Shaded","section":"Shading Mode"},"sceneLighting":true,"audioPlay":false,"sceneViewState":{"m_AlwaysRefresh":false,"showFog":true,"showSkybox":true,"showFlares":true,"showImageEffects":true,"showParticleSystems":true,"showVisualEffectGraphs":true,"m_FxEnabled":true},"in2DMode":false,"pivot":{"x":467.86187744140627,"y":244.39735412597657,"z":-1299.622314453125},"rotation":{"x":0.017997734248638154,"y":0.011997793801128865,"z":-0.00021598246530629694,"w":0.9997665286064148},"size":155.13760375976563,"orthographic":false}