{"cameraMode":{"drawMode":0,"name":"Shaded","section":"Shading Mode"},"sceneLighting":true,"audioPlay":false,"sceneViewState":{"m_AlwaysRefresh":false,"showFog":true,"showSkybox":true,"showFlares":true,"showImageEffects":true,"showParticleSystems":true,"showVisualEffectGraphs":true,"m_FxEnabled":true},"in2DMode":false,"pivot":{"x":0.0004138946533203125,"y":0.09152603149414063,"z":14.99946403503418},"rotation":{"x":0.19813689589500428,"y":-0.16814078390598298,"z":0.034521397203207019,"w":0.9650413393974304},"size":23.983394622802736,"orthographic":true}