{"cameraMode":{"drawMode":0,"name":"Shaded","section":"Shading Mode"},"sceneLighting":false,"audioPlay":false,"sceneViewState":{"m_AlwaysRefresh":false,"showFog":true,"showSkybox":false,"showFlares":true,"showImageEffects":true,"showParticleSystems":true,"showVisualEffectGraphs":true,"m_FxEnabled":true},"in2DMode":false,"pivot":{"x":52.91999816894531,"y":2.5560216903686525,"z":-27.940000534057618},"rotation":{"x":0.44304993748664858,"y":0.005378922447562218,"z":-0.0026583541184663774,"w":0.8964911103248596},"size":0.9380331039428711,"orthographic":true}